Index,Phase 1,Phase 2,Phase 3,Phase 4,Phase 5,Phase 6,Phase 7,Phase 8,Phase 9,Phase 10,Phase 11
1,0.01181047780487149,0.00026855688107281733,0.0031526342538791357,0.002160547769598052,0.0005813636360600073,0.8054190589033386,0.727422340775408,0.0020381015069320537,0.01615691554880724,2.9707890111722625e-10,9.824173262777098e-07
3,0.13571432632468267,0.3367043789897035,0.14956509511984234,0.2754662556548309,0.3235857312883268,0.032090039862432376,0.006894123844538096,0.4671711455221576,0.06749387290509404,9.121260738958187e-11,0.0
