ID,0
2,0.1143017983857542
9,0.10068037663051319
37,0.07099701233159755
4,0.07086969700825439
41,0.06386946987541972
19,0.06188276066890807
90,0.06167924444338147
13,0.05211172342676842
81,0.0520332711393193
14,0.051697333545449205
15,0.047777800029916835
55,0.04192306140306103
34,0.04012817121053514
27,0.03710989507231346
31,0.035360799458782476
47,0.03391190182200819
49,0.0328886171071435
64,0.032471698715003224
7,0.03152333895009411
20,0.02947353113368463
52,0.028760442998619695
