Index,Phase 1,Phase 2,Phase 3,Phase 4,Phase 5,Phase 6,Phase 7,Phase 8,Phase 9,Phase 10,Phase 11
1,0.7030618921889831,0.972955168384573,0.7930997268331177,0.8597937272034546,0.9064976003307692,0.008049138100545026,0.006806782768097913,0.825878462837799,0.5879336060071093,1.3559280785887104e-09,7.9312512125719e-05
3,0.014360068932602912,0.00763577966931747,0.0462512287430128,0.023967618407963798,0.010536110525498282,0.1952896308649688,0.3433215967643035,0.017379601734086987,0.13946549643290673,1.1715972513313672e-11,0.03789200947364364
