,EigenvectorC,#ofCrimes
EigenvectorC,1.0,0.47035628565327775
#ofCrimes,0.47035628565327775,1.0
