,EigenvectorC,#ofCrimes
EigenvectorC,1.0,0.4816772350575562
#ofCrimes,0.4816772350575562,1.0
