,E Centrality,#ofCrimes
E Centrality,1.0,-0.05987716909376094
#ofCrimes,-0.05987716909376094,1.0
