,B Centrality,#ofCrimes
B Centrality,1.0,0.23500854918227915
#ofCrimes,0.23500854918227915,1.0
